participant_id,iou,matches,total
P1,74.19354838709677,23,31
P2,77.41935483870968,24,31
P3,77.41935483870968,24,31
P4,80.64516129032258,25,31
P5,77.41935483870968,24,31
P6,67.74193548387096,21,31
P7,64.51612903225806,20,31
P8,74.19354838709677,23,31
